image,label_index,name_en,name_zh,faction,level,is_upgraded
11/11_9.png,11,,,,0,False
5/5_18.png,5,,,,0,False
25/25_19.png,25,,,,0,False
18/18_57.png,18,,,,0,False
10/10_56.png,10,,,,0,False
8/8_18.png,8,,,,0,False
6/6_17.png,6,,,,0,False
8/8_23.png,8,,,,0,False
25/25_18.png,25,,,,0,False
5/5_62.png,5,,,,0,False
24/24_0.png,24,,,,0,False
17/17_53.png,17,,,,0,False
26/26_26.png,26,,,,0,False
21/21_10.png,21,,,,0,False
28/28_16.png,28,,,,0,False
27/27_13.png,27,,,,0,False
24/24_50.png,24,,,,0,False
6/6_9.png,6,,,,0,False
8/8_21.png,8,,,,0,False
12/12_27.png,12,,,,0,False
5/5_48.png,5,,,,0,False
19/19_52.png,19,,,,0,False
1/1_63.png,1,,,,0,False
1/1_58.png,1,,,,0,False
6/6_55.png,6,,,,0,False
9/9_35.png,9,,,,0,False
5/5_14.png,5,,,,0,False
17/17_8.png,17,,,,0,False
1/1_28.png,1,,,,0,False
17/17_33.png,17,,,,0,False
27/27_20.png,27,,,,0,False
4/4_23.png,4,,,,0,False
3/3_43.png,3,,,,0,False
2/2_40.png,2,,,,0,False
2/2_2.png,2,,,,0,False
22/22_36.png,22,,,,0,False
2/2_9.png,2,,,,0,False
18/18_33.png,18,,,,0,False
20/20_46.png,20,,,,0,False
20/20_2.png,20,,,,0,False
28/28_33.png,28,,,,0,False
22/22_45.png,22,,,,0,False
3/3_39.png,3,,,,0,False
25/25_3.png,25,,,,0,False
28/28_59.png,28,,,,0,False
15/15_19.png,15,,,,0,False
13/13_56.png,13,,,,0,False
20/20_1.png,20,,,,0,False
25/25_37.png,25,,,,0,False
6/6_42.png,6,,,,0,False
18/18_17.png,18,,,,0,False
9/9_16.png,9,,,,0,False
0/0_50.png,0,,,,0,False
6/6_31.png,6,,,,0,False
5/5_17.png,5,,,,0,False
8/8_10.png,8,,,,0,False
25/25_57.png,25,,,,0,False
2/2_10.png,2,,,,0,False
20/20_58.png,20,,,,0,False
22/22_59.png,22,,,,0,False
23/23_48.png,23,,,,0,False
12/12_36.png,12,,,,0,False
0/0_29.png,0,,,,0,False
23/23_13.png,23,,,,0,False
27/27_1.png,27,,,,0,False
15/15_6.png,15,,,,0,False
17/17_56.png,17,,,,0,False
0/0_53.png,0,,,,0,False
7/7_14.png,7,,,,0,False
15/15_11.png,15,,,,0,False
17/17_22.png,17,,,,0,False
15/15_59.png,15,,,,0,False
25/25_29.png,25,,,,0,False
27/27_18.png,27,,,,0,False
0/0_9.png,0,,,,0,False
3/3_24.png,3,,,,0,False
6/6_56.png,6,,,,0,False
3/3_44.png,3,,,,0,False
20/20_41.png,20,,,,0,False
19/19_12.png,19,,,,0,False
23/23_57.png,23,,,,0,False
12/12_52.png,12,,,,0,False
16/16_62.png,16,,,,0,False
0/0_73.png,0,,,,0,False
9/9_59.png,9,,,,0,False
12/12_41.png,12,,,,0,False
2/2_43.png,2,,,,0,False
0/0_15.png,0,,,,0,False
19/19_44.png,19,,,,0,False
18/18_58.png,18,,,,0,False
18/18_37.png,18,,,,0,False
12/12_8.png,12,,,,0,False
12/12_26.png,12,,,,0,False
10/10_45.png,10,,,,0,False
13/13_18.png,13,,,,0,False
13/13_41.png,13,,,,0,False
15/15_33.png,15,,,,0,False
3/3_13.png,3,,,,0,False
21/21_39.png,21,,,,0,False
17/17_39.png,17,,,,0,False
21/21_15.png,21,,,,0,False
28/28_5.png,28,,,,0,False
17/17_29.png,17,,,,0,False
27/27_28.png,27,,,,0,False
0/0_62.png,0,,,,0,False
17/17_44.png,17,,,,0,False
22/22_52.png,22,,,,0,False
8/8_19.png,8,,,,0,False
3/3_3.png,3,,,,0,False
0/0_48.png,0,,,,0,False
12/12_44.png,12,,,,0,False
21/21_41.png,21,,,,0,False
4/4_2.png,4,,,,0,False
12/12_59.png,12,,,,0,False
4/4_43.png,4,,,,0,False
24/24_60.png,24,,,,0,False
9/9_10.png,9,,,,0,False
8/8_20.png,8,,,,0,False
14/14_26.png,14,,,,0,False
26/26_27.png,26,,,,0,False
19/19_4.png,19,,,,0,False
3/3_23.png,3,,,,0,False
15/15_51.png,15,,,,0,False
20/20_27.png,20,,,,0,False
15/15_40.png,15,,,,0,False
7/7_9.png,7,,,,0,False
5/5_12.png,5,,,,0,False
16/16_11.png,16,,,,0,False
26/26_6.png,26,,,,0,False
19/19_60.png,19,,,,0,False
14/14_8.png,14,,,,0,False
4/4_37.png,4,,,,0,False
2/2_14.png,2,,,,0,False
24/24_35.png,24,,,,0,False
22/22_43.png,22,,,,0,False
24/24_61.png,24,,,,0,False
12/12_49.png,12,,,,0,False
23/23_6.png,23,,,,0,False
0/0_27.png,0,,,,0,False
17/17_27.png,17,,,,0,False
2/2_39.png,2,,,,0,False
14/14_2.png,14,,,,0,False
28/28_62.png,28,,,,0,False
25/25_60.png,25,,,,0,False
27/27_48.png,27,,,,0,False
23/23_27.png,23,,,,0,False
26/26_52.png,26,,,,0,False
25/25_47.png,25,,,,0,False
15/15_29.png,15,,,,0,False
14/14_58.png,14,,,,0,False
17/17_34.png,17,,,,0,False
15/15_3.png,15,,,,0,False
26/26_13.png,26,,,,0,False
27/27_36.png,27,,,,0,False
4/4_41.png,4,,,,0,False
4/4_54.png,4,,,,0,False
9/9_23.png,9,,,,0,False
7/7_13.png,7,,,,0,False
15/15_45.png,15,,,,0,False
7/7_15.png,7,,,,0,False
14/14_56.png,14,,,,0,False
15/15_18.png,15,,,,0,False
26/26_61.png,26,,,,0,False
0/0_77.png,0,,,,0,False
27/27_21.png,27,,,,0,False
13/13_33.png,13,,,,0,False
25/25_36.png,25,,,,0,False
9/9_54.png,9,,,,0,False
26/26_56.png,26,,,,0,False
8/8_8.png,8,,,,0,False
22/22_27.png,22,,,,0,False
17/17_37.png,17,,,,0,False
2/2_44.png,2,,,,0,False
14/14_46.png,14,,,,0,False
26/26_50.png,26,,,,0,False
8/8_52.png,8,,,,0,False
13/13_62.png,13,,,,0,False
3/3_8.png,3,,,,0,False
15/15_7.png,15,,,,0,False
7/7_63.png,7,,,,0,False
14/14_5.png,14,,,,0,False
22/22_51.png,22,,,,0,False
22/22_63.png,22,,,,0,False
22/22_55.png,22,,,,0,False
11/11_16.png,11,,,,0,False
18/18_32.png,18,,,,0,False
26/26_49.png,26,,,,0,False
2/2_33.png,2,,,,0,False
0/0_64.png,0,,,,0,False
17/17_2.png,17,,,,0,False
8/8_2.png,8,,,,0,False
8/8_24.png,8,,,,0,False
1/1_33.png,1,,,,0,False
7/7_34.png,7,,,,0,False
10/10_26.png,10,,,,0,False
23/23_49.png,23,,,,0,False
10/10_43.png,10,,,,0,False
5/5_59.png,5,,,,0,False
12/12_60.png,12,,,,0,False
13/13_31.png,13,,,,0,False
28/28_40.png,28,,,,0,False
1/1_29.png,1,,,,0,False
4/4_16.png,4,,,,0,False
7/7_16.png,7,,,,0,False
11/11_15.png,11,,,,0,False
21/21_0.png,21,,,,0,False
16/16_3.png,16,,,,0,False
5/5_53.png,5,,,,0,False
2/2_1.png,2,,,,0,False
11/11_4.png,11,,,,0,False
6/6_8.png,6,,,,0,False
11/11_2.png,11,,,,0,False
16/16_0.png,16,,,,0,False
22/22_8.png,22,,,,0,False
20/20_13.png,20,,,,0,False
25/25_21.png,25,,,,0,False
1/1_62.png,1,,,,0,False
18/18_25.png,18,,,,0,False
26/26_1.png,26,,,,0,False
21/21_61.png,21,,,,0,False
3/3_61.png,3,,,,0,False
20/20_49.png,20,,,,0,False
11/11_59.png,11,,,,0,False
3/3_22.png,3,,,,0,False
25/25_53.png,25,,,,0,False
1/1_17.png,1,,,,0,False
0/0_66.png,0,,,,0,False
17/17_4.png,17,,,,0,False
22/22_23.png,22,,,,0,False
19/19_36.png,19,,,,0,False
6/6_53.png,6,,,,0,False
28/28_39.png,28,,,,0,False
12/12_18.png,12,,,,0,False
10/10_18.png,10,,,,0,False
22/22_39.png,22,,,,0,False
9/9_62.png,9,,,,0,False
16/16_32.png,16,,,,0,False
25/25_25.png,25,,,,0,False
0/0_35.png,0,,,,0,False
19/19_5.png,19,,,,0,False
18/18_7.png,18,,,,0,False
3/3_50.png,3,,,,0,False
8/8_15.png,8,,,,0,False
7/7_62.png,7,,,,0,False
1/1_41.png,1,,,,0,False
8/8_39.png,8,,,,0,False
27/27_6.png,27,,,,0,False
12/12_57.png,12,,,,0,False
9/9_39.png,9,,,,0,False
15/15_26.png,15,,,,0,False
17/17_19.png,17,,,,0,False
22/22_1.png,22,,,,0,False
8/8_37.png,8,,,,0,False
11/11_25.png,11,,,,0,False
0/0_41.png,0,,,,0,False
26/26_57.png,26,,,,0,False
20/20_6.png,20,,,,0,False
8/8_13.png,8,,,,0,False
7/7_42.png,7,,,,0,False
16/16_47.png,16,,,,0,False
19/19_21.png,19,,,,0,False
8/8_53.png,8,,,,0,False
26/26_18.png,26,,,,0,False
27/27_4.png,27,,,,0,False
14/14_20.png,14,,,,0,False
27/27_37.png,27,,,,0,False
6/6_40.png,6,,,,0,False
24/24_16.png,24,,,,0,False
16/16_50.png,16,,,,0,False
0/0_43.png,0,,,,0,False
15/15_38.png,15,,,,0,False
26/26_14.png,26,,,,0,False
16/16_44.png,16,,,,0,False
4/4_56.png,4,,,,0,False
7/7_8.png,7,,,,0,False
23/23_19.png,23,,,,0,False
0/0_56.png,0,,,,0,False
1/1_5.png,1,,,,0,False
10/10_19.png,10,,,,0,False
6/6_38.png,6,,,,0,False
19/19_20.png,19,,,,0,False
26/26_48.png,26,,,,0,False
23/23_23.png,23,,,,0,False
0/0_3.png,0,,,,0,False
24/24_37.png,24,,,,0,False
12/12_37.png,12,,,,0,False
25/25_5.png,25,,,,0,False
26/26_41.png,26,,,,0,False
6/6_4.png,6,,,,0,False
13/13_42.png,13,,,,0,False
5/5_54.png,5,,,,0,False
8/8_16.png,8,,,,0,False
10/10_5.png,10,,,,0,False
6/6_47.png,6,,,,0,False
15/15_1.png,15,,,,0,False
2/2_56.png,2,,,,0,False
21/21_1.png,21,,,,0,False
16/16_16.png,16,,,,0,False
11/11_5.png,11,,,,0,False
1/1_34.png,1,,,,0,False
3/3_59.png,3,,,,0,False
9/9_33.png,9,,,,0,False
22/22_5.png,22,,,,0,False
22/22_49.png,22,,,,0,False
1/1_56.png,1,,,,0,False
21/21_36.png,21,,,,0,False
27/27_57.png,27,,,,0,False
2/2_12.png,2,,,,0,False
9/9_11.png,9,,,,0,False
27/27_39.png,27,,,,0,False
6/6_27.png,6,,,,0,False
17/17_10.png,17,,,,0,False
20/20_33.png,20,,,,0,False
18/18_53.png,18,,,,0,False
7/7_37.png,7,,,,0,False
8/8_1.png,8,,,,0,False
21/21_21.png,21,,,,0,False
24/24_10.png,24,,,,0,False
21/21_53.png,21,,,,0,False
21/21_54.png,21,,,,0,False
21/21_26.png,21,,,,0,False
19/19_26.png,19,,,,0,False
27/27_32.png,27,,,,0,False
23/23_60.png,23,,,,0,False
26/26_44.png,26,,,,0,False
25/25_4.png,25,,,,0,False
3/3_55.png,3,,,,0,False
6/6_41.png,6,,,,0,False
28/28_18.png,28,,,,0,False
20/20_18.png,20,,,,0,False
13/13_30.png,13,,,,0,False
18/18_46.png,18,,,,0,False
0/0_13.png,0,,,,0,False
19/19_55.png,19,,,,0,False
1/1_0.png,1,,,,0,False
5/5_55.png,5,,,,0,False
27/27_44.png,27,,,,0,False
7/7_18.png,7,,,,0,False
15/15_4.png,15,,,,0,False
19/19_18.png,19,,,,0,False
22/22_38.png,22,,,,0,False
6/6_26.png,6,,,,0,False
17/17_54.png,17,,,,0,False
16/16_15.png,16,,,,0,False
21/21_25.png,21,,,,0,False
9/9_2.png,9,,,,0,False
9/9_12.png,9,,,,0,False
12/12_42.png,12,,,,0,False
6/6_12.png,6,,,,0,False
5/5_21.png,5,,,,0,False
1/1_20.png,1,,,,0,False
26/26_25.png,26,,,,0,False
0/0_57.png,0,,,,0,False
17/17_58.png,17,,,,0,False
24/24_53.png,24,,,,0,False
23/23_62.png,23,,,,0,False
27/27_61.png,27,,,,0,False
6/6_35.png,6,,,,0,False
27/27_25.png,27,,,,0,False
15/15_53.png,15,,,,0,False
0/0_74.png,0,,,,0,False
1/1_52.png,1,,,,0,False
6/6_52.png,6,,,,0,False
20/20_48.png,20,,,,0,False
7/7_12.png,7,,,,0,False
0/0_39.png,0,,,,0,False
19/19_42.png,19,,,,0,False
25/25_46.png,25,,,,0,False
11/11_33.png,11,,,,0,False
14/14_19.png,14,,,,0,False
23/23_51.png,23,,,,0,False
25/25_27.png,25,,,,0,False
21/21_17.png,21,,,,0,False
17/17_30.png,17,,,,0,False
6/6_5.png,6,,,,0,False
25/25_17.png,25,,,,0,False
17/17_31.png,17,,,,0,False
12/12_14.png,12,,,,0,False
11/11_3.png,11,,,,0,False
25/25_31.png,25,,,,0,False
16/16_27.png,16,,,,0,False
24/24_40.png,24,,,,0,False
16/16_5.png,16,,,,0,False
14/14_30.png,14,,,,0,False
7/7_31.png,7,,,,0,False
24/24_24.png,24,,,,0,False
3/3_2.png,3,,,,0,False
11/11_29.png,11,,,,0,False
3/3_51.png,3,,,,0,False
25/25_0.png,25,,,,0,False
4/4_30.png,4,,,,0,False
28/28_25.png,28,,,,0,False
1/1_22.png,1,,,,0,False
2/2_5.png,2,,,,0,False
1/1_4.png,1,,,,0,False
8/8_11.png,8,,,,0,False
11/11_37.png,11,,,,0,False
27/27_24.png,27,,,,0,False
20/20_12.png,20,,,,0,False
21/21_44.png,21,,,,0,False
14/14_22.png,14,,,,0,False
27/27_38.png,27,,,,0,False
4/4_53.png,4,,,,0,False
23/23_8.png,23,,,,0,False
23/23_56.png,23,,,,0,False
13/13_12.png,13,,,,0,False
15/15_2.png,15,,,,0,False
9/9_41.png,9,,,,0,False
18/18_62.png,18,,,,0,False
13/13_9.png,13,,,,0,False
24/24_17.png,24,,,,0,False
12/12_51.png,12,,,,0,False
22/22_22.png,22,,,,0,False
4/4_31.png,4,,,,0,False
19/19_8.png,19,,,,0,False
26/26_45.png,26,,,,0,False
26/26_58.png,26,,,,0,False
28/28_21.png,28,,,,0,False
4/4_48.png,4,,,,0,False
13/13_29.png,13,,,,0,False
24/24_31.png,24,,,,0,False
10/10_51.png,10,,,,0,False
5/5_38.png,5,,,,0,False
8/8_61.png,8,,,,0,False
21/21_16.png,21,,,,0,False
22/22_61.png,22,,,,0,False
23/23_37.png,23,,,,0,False
16/16_54.png,16,,,,0,False
0/0_36.png,0,,,,0,False
28/28_45.png,28,,,,0,False
27/27_30.png,27,,,,0,False
11/11_28.png,11,,,,0,False
2/2_41.png,2,,,,0,False
22/22_16.png,22,,,,0,False
21/21_46.png,21,,,,0,False
12/12_9.png,12,,,,0,False
9/9_5.png,9,,,,0,False
24/24_7.png,24,,,,0,False
12/12_43.png,12,,,,0,False
0/0_26.png,0,,,,0,False
6/6_25.png,6,,,,0,False
10/10_2.png,10,,,,0,False
15/15_27.png,15,,,,0,False
17/17_46.png,17,,,,0,False
9/9_4.png,9,,,,0,False
18/18_56.png,18,,,,0,False
28/28_2.png,28,,,,0,False
0/0_38.png,0,,,,0,False
28/28_3.png,28,,,,0,False
16/16_56.png,16,,,,0,False
27/27_42.png,27,,,,0,False
13/13_58.png,13,,,,0,False
20/20_3.png,20,,,,0,False
16/16_18.png,16,,,,0,False
23/23_14.png,23,,,,0,False
12/12_10.png,12,,,,0,False
15/15_54.png,15,,,,0,False
19/19_40.png,19,,,,0,False
6/6_59.png,6,,,,0,False
24/24_22.png,24,,,,0,False
11/11_35.png,11,,,,0,False
23/23_38.png,23,,,,0,False
6/6_0.png,6,,,,0,False
15/15_31.png,15,,,,0,False
15/15_42.png,15,,,,0,False
25/25_23.png,25,,,,0,False
17/17_35.png,17,,,,0,False
22/22_0.png,22,,,,0,False
2/2_60.png,2,,,,0,False
3/3_49.png,3,,,,0,False
23/23_22.png,23,,,,0,False
23/23_30.png,23,,,,0,False
10/10_29.png,10,,,,0,False
27/27_16.png,27,,,,0,False
2/2_7.png,2,,,,0,False
17/17_6.png,17,,,,0,False
15/15_30.png,15,,,,0,False
9/9_63.png,9,,,,0,False
24/24_30.png,24,,,,0,False
26/26_47.png,26,,,,0,False
1/1_23.png,1,,,,0,False
26/26_31.png,26,,,,0,False
26/26_10.png,26,,,,0,False
25/25_2.png,25,,,,0,False
27/27_53.png,27,,,,0,False
18/18_26.png,18,,,,0,False
28/28_35.png,28,,,,0,False
8/8_6.png,8,,,,0,False
27/27_49.png,27,,,,0,False
2/2_20.png,2,,,,0,False
0/0_60.png,0,,,,0,False
9/9_58.png,9,,,,0,False
16/16_40.png,16,,,,0,False
22/22_3.png,22,,,,0,False
8/8_42.png,8,,,,0,False
20/20_10.png,20,,,,0,False
17/17_17.png,17,,,,0,False
19/19_49.png,19,,,,0,False
2/2_4.png,2,,,,0,False
28/28_50.png,28,,,,0,False
19/19_19.png,19,,,,0,False
8/8_45.png,8,,,,0,False
13/13_61.png,13,,,,0,False
13/13_39.png,13,,,,0,False
21/21_11.png,21,,,,0,False
4/4_24.png,4,,,,0,False
24/24_34.png,24,,,,0,False
9/9_7.png,9,,,,0,False
11/11_45.png,11,,,,0,False
0/0_0.png,0,,,,0,False
16/16_59.png,16,,,,0,False
9/9_45.png,9,,,,0,False
16/16_29.png,16,,,,0,False
14/14_10.png,14,,,,0,False
12/12_30.png,12,,,,0,False
6/6_15.png,6,,,,0,False
8/8_30.png,8,,,,0,False
18/18_1.png,18,,,,0,False
5/5_1.png,5,,,,0,False
6/6_22.png,6,,,,0,False
16/16_4.png,16,,,,0,False
15/15_28.png,15,,,,0,False
3/3_41.png,3,,,,0,False
10/10_22.png,10,,,,0,False
12/12_45.png,12,,,,0,False
13/13_43.png,13,,,,0,False
3/3_7.png,3,,,,0,False
3/3_38.png,3,,,,0,False
0/0_65.png,0,,,,0,False
5/5_3.png,5,,,,0,False
6/6_2.png,6,,,,0,False
3/3_37.png,3,,,,0,False
17/17_38.png,17,,,,0,False
11/11_42.png,11,,,,0,False
3/3_27.png,3,,,,0,False
17/17_7.png,17,,,,0,False
0/0_14.png,0,,,,0,False
20/20_40.png,20,,,,0,False
23/23_15.png,23,,,,0,False
18/18_8.png,18,,,,0,False
18/18_20.png,18,,,,0,False
1/1_25.png,1,,,,0,False
7/7_22.png,7,,,,0,False
8/8_28.png,8,,,,0,False
16/16_30.png,16,,,,0,False
14/14_12.png,14,,,,0,False
25/25_41.png,25,,,,0,False
4/4_55.png,4,,,,0,False
21/21_19.png,21,,,,0,False
27/27_43.png,27,,,,0,False
16/16_25.png,16,,,,0,False
21/21_2.png,21,,,,0,False
10/10_52.png,10,,,,0,False
18/18_40.png,18,,,,0,False
15/15_17.png,15,,,,0,False
28/28_61.png,28,,,,0,False
2/2_34.png,2,,,,0,False
10/10_8.png,10,,,,0,False
17/17_47.png,17,,,,0,False
11/11_43.png,11,,,,0,False
22/22_21.png,22,,,,0,False
28/28_6.png,28,,,,0,False
3/3_18.png,3,,,,0,False
17/17_12.png,17,,,,0,False
10/10_0.png,10,,,,0,False
2/2_49.png,2,,,,0,False
12/12_48.png,12,,,,0,False
18/18_16.png,18,,,,0,False
11/11_8.png,11,,,,0,False
10/10_16.png,10,,,,0,False
7/7_41.png,7,,,,0,False
12/12_53.png,12,,,,0,False
0/0_18.png,0,,,,0,False
15/15_0.png,15,,,,0,False
10/10_33.png,10,,,,0,False
19/19_23.png,19,,,,0,False
14/14_39.png,14,,,,0,False
23/23_4.png,23,,,,0,False
21/21_28.png,21,,,,0,False
23/23_20.png,23,,,,0,False
5/5_34.png,5,,,,0,False
15/15_12.png,15,,,,0,False
13/13_15.png,13,,,,0,False
23/23_32.png,23,,,,0,False
2/2_25.png,2,,,,0,False
14/14_57.png,14,,,,0,False
4/4_29.png,4,,,,0,False
20/20_32.png,20,,,,0,False
23/23_16.png,23,,,,0,False
11/11_49.png,11,,,,0,False
13/13_28.png,13,,,,0,False
15/15_44.png,15,,,,0,False
9/9_42.png,9,,,,0,False
28/28_44.png,28,,,,0,False
27/27_11.png,27,,,,0,False
3/3_11.png,3,,,,0,False
11/11_11.png,11,,,,0,False
4/4_15.png,4,,,,0,False
8/8_29.png,8,,,,0,False
22/22_42.png,22,,,,0,False
0/0_28.png,0,,,,0,False
20/20_47.png,20,,,,0,False
0/0_52.png,0,,,,0,False
28/28_47.png,28,,,,0,False
0/0_23.png,0,,,,0,False
20/20_15.png,20,,,,0,False
1/1_55.png,1,,,,0,False
3/3_4.png,3,,,,0,False
4/4_60.png,4,,,,0,False
24/24_36.png,24,,,,0,False
7/7_61.png,7,,,,0,False
23/23_58.png,23,,,,0,False
23/23_43.png,23,,,,0,False
3/3_34.png,3,,,,0,False
5/5_13.png,5,,,,0,False
28/28_30.png,28,,,,0,False
16/16_2.png,16,,,,0,False
8/8_57.png,8,,,,0,False
21/21_49.png,21,,,,0,False
4/4_42.png,4,,,,0,False
16/16_49.png,16,,,,0,False
10/10_39.png,10,,,,0,False
8/8_56.png,8,,,,0,False
10/10_12.png,10,,,,0,False
8/8_44.png,8,,,,0,False
15/15_46.png,15,,,,0,False
0/0_69.png,0,,,,0,False
16/16_35.png,16,,,,0,False
4/4_12.png,4,,,,0,False
2/2_61.png,2,,,,0,False
22/22_34.png,22,,,,0,False
26/26_42.png,26,,,,0,False
18/18_9.png,18,,,,0,False
3/3_15.png,3,,,,0,False
13/13_47.png,13,,,,0,False
22/22_41.png,22,,,,0,False
13/13_51.png,13,,,,0,False
10/10_25.png,10,,,,0,False
19/19_24.png,19,,,,0,False
7/7_30.png,7,,,,0,False
7/7_43.png,7,,,,0,False
22/22_40.png,22,,,,0,False
24/24_42.png,24,,,,0,False
26/26_9.png,26,,,,0,False
7/7_54.png,7,,,,0,False
25/25_58.png,25,,,,0,False
22/22_30.png,22,,,,0,False
7/7_38.png,7,,,,0,False
5/5_8.png,5,,,,0,False
20/20_11.png,20,,,,0,False
18/18_15.png,18,,,,0,False
1/1_8.png,1,,,,0,False
0/0_2.png,0,,,,0,False
10/10_55.png,10,,,,0,False
1/1_46.png,1,,,,0,False
6/6_14.png,6,,,,0,False
8/8_5.png,8,,,,0,False
0/0_68.png,0,,,,0,False
27/27_9.png,27,,,,0,False
18/18_49.png,18,,,,0,False
22/22_14.png,22,,,,0,False
26/26_22.png,26,,,,0,False
4/4_17.png,4,,,,0,False
7/7_44.png,7,,,,0,False
0/0_25.png,0,,,,0,False
18/18_42.png,18,,,,0,False
8/8_41.png,8,,,,0,False
19/19_37.png,19,,,,0,False
0/0_46.png,0,,,,0,False
13/13_0.png,13,,,,0,False
8/8_55.png,8,,,,0,False
13/13_55.png,13,,,,0,False
9/9_15.png,9,,,,0,False
2/2_13.png,2,,,,0,False
8/8_58.png,8,,,,0,False
0/0_32.png,0,,,,0,False
8/8_3.png,8,,,,0,False
9/9_61.png,9,,,,0,False
22/22_7.png,22,,,,0,False
16/16_42.png,16,,,,0,False
18/18_52.png,18,,,,0,False
24/24_39.png,24,,,,0,False
2/2_31.png,2,,,,0,False
24/24_9.png,24,,,,0,False
9/9_19.png,9,,,,0,False
14/14_21.png,14,,,,0,False
2/2_26.png,2,,,,0,False
24/24_23.png,24,,,,0,False
10/10_14.png,10,,,,0,False
18/18_34.png,18,,,,0,False
28/28_56.png,28,,,,0,False
9/9_38.png,9,,,,0,False
10/10_3.png,10,,,,0,False
14/14_17.png,14,,,,0,False
1/1_59.png,1,,,,0,False
27/27_45.png,27,,,,0,False
19/19_10.png,19,,,,0,False
28/28_12.png,28,,,,0,False
10/10_6.png,10,,,,0,False
14/14_60.png,14,,,,0,False
17/17_16.png,17,,,,0,False
1/1_13.png,1,,,,0,False
11/11_54.png,11,,,,0,False
25/25_22.png,25,,,,0,False
4/4_50.png,4,,,,0,False
3/3_45.png,3,,,,0,False
25/25_6.png,25,,,,0,False
10/10_61.png,10,,,,0,False
27/27_55.png,27,,,,0,False
21/21_9.png,21,,,,0,False
7/7_60.png,7,,,,0,False
24/24_6.png,24,,,,0,False
21/21_32.png,21,,,,0,False
18/18_23.png,18,,,,0,False
2/2_8.png,2,,,,0,False
17/17_49.png,17,,,,0,False
2/2_29.png,2,,,,0,False
4/4_21.png,4,,,,0,False
4/4_6.png,4,,,,0,False
11/11_22.png,11,,,,0,False
6/6_16.png,6,,,,0,False
14/14_42.png,14,,,,0,False
15/15_20.png,15,,,,0,False
2/2_36.png,2,,,,0,False
21/21_12.png,21,,,,0,False
5/5_4.png,5,,,,0,False
13/13_6.png,13,,,,0,False
9/9_18.png,9,,,,0,False
13/13_20.png,13,,,,0,False
24/24_44.png,24,,,,0,False
24/24_49.png,24,,,,0,False
23/23_24.png,23,,,,0,False
8/8_48.png,8,,,,0,False
2/2_53.png,2,,,,0,False
12/12_35.png,12,,,,0,False
17/17_36.png,17,,,,0,False
27/27_31.png,27,,,,0,False
24/24_18.png,24,,,,0,False
6/6_54.png,6,,,,0,False
12/12_16.png,12,,,,0,False
27/27_27.png,27,,,,0,False
0/0_70.png,0,,,,0,False
25/25_44.png,25,,,,0,False
17/17_25.png,17,,,,0,False
26/26_28.png,26,,,,0,False
5/5_25.png,5,,,,0,False
21/21_14.png,21,,,,0,False
25/25_40.png,25,,,,0,False
8/8_22.png,8,,,,0,False
23/23_53.png,23,,,,0,False
7/7_46.png,7,,,,0,False
20/20_29.png,20,,,,0,False
0/0_16.png,0,,,,0,False
22/22_44.png,22,,,,0,False
21/21_60.png,21,,,,0,False
15/15_55.png,15,,,,0,False
2/2_47.png,2,,,,0,False
3/3_46.png,3,,,,0,False
24/24_28.png,24,,,,0,False
21/21_34.png,21,,,,0,False
7/7_39.png,7,,,,0,False
1/1_39.png,1,,,,0,False
6/6_6.png,6,,,,0,False
9/9_40.png,9,,,,0,False
8/8_9.png,8,,,,0,False
7/7_49.png,7,,,,0,False
22/22_46.png,22,,,,0,False
11/11_17.png,11,,,,0,False
15/15_41.png,15,,,,0,False
14/14_53.png,14,,,,0,False
13/13_59.png,13,,,,0,False
25/25_55.png,25,,,,0,False
5/5_57.png,5,,,,0,False
21/21_4.png,21,,,,0,False
14/14_44.png,14,,,,0,False
0/0_47.png,0,,,,0,False
20/20_42.png,20,,,,0,False
13/13_63.png,13,,,,0,False
19/19_6.png,19,,,,0,False
12/12_25.png,12,,,,0,False
8/8_0.png,8,,,,0,False
19/19_56.png,19,,,,0,False
23/23_21.png,23,,,,0,False
15/15_48.png,15,,,,0,False
1/1_11.png,1,,,,0,False
3/3_33.png,3,,,,0,False
5/5_49.png,5,,,,0,False
28/28_31.png,28,,,,0,False
9/9_55.png,9,,,,0,False
23/23_34.png,23,,,,0,False
9/9_32.png,9,,,,0,False
18/18_24.png,18,,,,0,False
22/22_32.png,22,,,,0,False
12/12_5.png,12,,,,0,False
8/8_33.png,8,,,,0,False
5/5_39.png,5,,,,0,False
6/6_29.png,6,,,,0,False
27/27_26.png,27,,,,0,False
11/11_30.png,11,,,,0,False
21/21_40.png,21,,,,0,False
17/17_14.png,17,,,,0,False
0/0_44.png,0,,,,0,False
15/15_50.png,15,,,,0,False
5/5_51.png,5,,,,0,False
14/14_61.png,14,,,,0,False
3/3_29.png,3,,,,0,False
20/20_14.png,20,,,,0,False
22/22_12.png,22,,,,0,False
7/7_20.png,7,,,,0,False
28/28_10.png,28,,,,0,False
3/3_14.png,3,,,,0,False
7/7_1.png,7,,,,0,False
23/23_0.png,23,,,,0,False
26/26_59.png,26,,,,0,False
22/22_57.png,22,,,,0,False
14/14_29.png,14,,,,0,False
20/20_16.png,20,,,,0,False
4/4_28.png,4,,,,0,False
18/18_14.png,18,,,,0,False
12/12_21.png,12,,,,0,False
1/1_15.png,1,,,,0,False
14/14_11.png,14,,,,0,False
0/0_5.png,0,,,,0,False
12/12_56.png,12,,,,0,False
26/26_53.png,26,,,,0,False
27/27_5.png,27,,,,0,False
16/16_53.png,16,,,,0,False
14/14_13.png,14,,,,0,False
3/3_32.png,3,,,,0,False
12/12_15.png,12,,,,0,False
26/26_54.png,26,,,,0,False
9/9_57.png,9,,,,0,False
12/12_34.png,12,,,,0,False
7/7_4.png,7,,,,0,False
21/21_27.png,21,,,,0,False
10/10_34.png,10,,,,0,False
0/0_59.png,0,,,,0,False
26/26_62.png,26,,,,0,False
17/17_1.png,17,,,,0,False
26/26_35.png,26,,,,0,False
15/15_35.png,15,,,,0,False
23/23_12.png,23,,,,0,False
13/13_26.png,13,,,,0,False
6/6_30.png,6,,,,0,False
7/7_28.png,7,,,,0,False
1/1_7.png,1,,,,0,False
22/22_17.png,22,,,,0,False
4/4_14.png,4,,,,0,False
20/20_44.png,20,,,,0,False
4/4_39.png,4,,,,0,False
10/10_59.png,10,,,,0,False
12/12_6.png,12,,,,0,False
0/0_55.png,0,,,,0,False
18/18_21.png,18,,,,0,False
4/4_44.png,4,,,,0,False
25/25_12.png,25,,,,0,False
28/28_52.png,28,,,,0,False
11/11_6.png,11,,,,0,False
1/1_31.png,1,,,,0,False
2/2_24.png,2,,,,0,False
5/5_15.png,5,,,,0,False
13/13_48.png,13,,,,0,False
10/10_7.png,10,,,,0,False
23/23_9.png,23,,,,0,False
10/10_10.png,10,,,,0,False
16/16_26.png,16,,,,0,False
3/3_48.png,3,,,,0,False
3/3_10.png,3,,,,0,False
9/9_8.png,9,,,,0,False
27/27_33.png,27,,,,0,False
22/22_50.png,22,,,,0,False
18/18_12.png,18,,,,0,False
8/8_17.png,8,,,,0,False
6/6_36.png,6,,,,0,False
1/1_36.png,1,,,,0,False
24/24_58.png,24,,,,0,False
24/24_1.png,24,,,,0,False
0/0_17.png,0,,,,0,False
5/5_28.png,5,,,,0,False
21/21_38.png,21,,,,0,False
15/15_9.png,15,,,,0,False
19/19_30.png,19,,,,0,False
23/23_42.png,23,,,,0,False
22/22_62.png,22,,,,0,False
7/7_3.png,7,,,,0,False
20/20_20.png,20,,,,0,False
10/10_47.png,10,,,,0,False
19/19_59.png,19,,,,0,False
26/26_8.png,26,,,,0,False
2/2_48.png,2,,,,0,False
21/21_18.png,21,,,,0,False
19/19_43.png,19,,,,0,False
28/28_51.png,28,,,,0,False
15/15_16.png,15,,,,0,False
10/10_21.png,10,,,,0,False
6/6_39.png,6,,,,0,False
18/18_18.png,18,,,,0,False
5/5_0.png,5,,,,0,False
9/9_44.png,9,,,,0,False
27/27_12.png,27,,,,0,False
25/25_42.png,25,,,,0,False
20/20_22.png,20,,,,0,False
25/25_56.png,25,,,,0,False
19/19_0.png,19,,,,0,False
14/14_28.png,14,,,,0,False
5/5_42.png,5,,,,0,False
4/4_19.png,4,,,,0,False
19/19_27.png,19,,,,0,False
10/10_54.png,10,,,,0,False
5/5_30.png,5,,,,0,False
4/4_1.png,4,,,,0,False
3/3_31.png,3,,,,0,False
20/20_23.png,20,,,,0,False
11/11_47.png,11,,,,0,False
4/4_62.png,4,,,,0,False
13/13_32.png,13,,,,0,False
20/20_62.png,20,,,,0,False
12/12_55.png,12,,,,0,False
18/18_59.png,18,,,,0,False
18/18_31.png,18,,,,0,False
16/16_14.png,16,,,,0,False
27/27_15.png,27,,,,0,False
13/13_53.png,13,,,,0,False
6/6_3.png,6,,,,0,False
24/24_15.png,24,,,,0,False
21/21_37.png,21,,,,0,False
19/19_58.png,19,,,,0,False
8/8_54.png,8,,,,0,False
3/3_47.png,3,,,,0,False
20/20_31.png,20,,,,0,False
7/7_45.png,7,,,,0,False
10/10_46.png,10,,,,0,False
28/28_41.png,28,,,,0,False
12/12_24.png,12,,,,0,False
28/28_26.png,28,,,,0,False
10/10_44.png,10,,,,0,False
25/25_8.png,25,,,,0,False
9/9_60.png,9,,,,0,False
2/2_32.png,2,,,,0,False
20/20_7.png,20,,,,0,False
23/23_36.png,23,,,,0,False
24/24_4.png,24,,,,0,False
24/24_29.png,24,,,,0,False
16/16_21.png,16,,,,0,False
18/18_48.png,18,,,,0,False
27/27_59.png,27,,,,0,False
17/17_24.png,17,,,,0,False
11/11_44.png,11,,,,0,False
27/27_3.png,27,,,,0,False
23/23_18.png,23,,,,0,False
7/7_48.png,7,,,,0,False
3/3_6.png,3,,,,0,False
21/21_31.png,21,,,,0,False
7/7_24.png,7,,,,0,False
2/2_37.png,2,,,,0,False
7/7_55.png,7,,,,0,False
5/5_41.png,5,,,,0,False
8/8_51.png,8,,,,0,False
0/0_1.png,0,,,,0,False
3/3_53.png,3,,,,0,False
18/18_10.png,18,,,,0,False
13/13_11.png,13,,,,0,False
10/10_42.png,10,,,,0,False
0/0_67.png,0,,,,0,False
22/22_48.png,22,,,,0,False
13/13_10.png,13,,,,0,False
22/22_19.png,22,,,,0,False
22/22_6.png,22,,,,0,False
7/7_53.png,7,,,,0,False
16/16_6.png,16,,,,0,False
14/14_7.png,14,,,,0,False
11/11_46.png,11,,,,0,False
18/18_2.png,18,,,,0,False
18/18_35.png,18,,,,0,False
23/23_28.png,23,,,,0,False
3/3_56.png,3,,,,0,False
9/9_28.png,9,,,,0,False
18/18_38.png,18,,,,0,False
0/0_75.png,0,,,,0,False
25/25_26.png,25,,,,0,False
4/4_8.png,4,,,,0,False
23/23_1.png,23,,,,0,False
11/11_40.png,11,,,,0,False
14/14_41.png,14,,,,0,False
15/15_57.png,15,,,,0,False
19/19_28.png,19,,,,0,False
4/4_9.png,4,,,,0,False
9/9_6.png,9,,,,0,False
11/11_53.png,11,,,,0,False
0/0_51.png,0,,,,0,False
12/12_1.png,12,,,,0,False
13/13_17.png,13,,,,0,False
16/16_60.png,16,,,,0,False
27/27_47.png,27,,,,0,False
26/26_23.png,26,,,,0,False
22/22_4.png,22,,,,0,False
21/21_43.png,21,,,,0,False
11/11_18.png,11,,,,0,False
7/7_47.png,7,,,,0,False
1/1_57.png,1,,,,0,False
28/28_24.png,28,,,,0,False
28/28_9.png,28,,,,0,False
6/6_28.png,6,,,,0,False
0/0_6.png,0,,,,0,False
15/15_15.png,15,,,,0,False
26/26_39.png,26,,,,0,False
24/24_38.png,24,,,,0,False
20/20_35.png,20,,,,0,False
13/13_45.png,13,,,,0,False
21/21_47.png,21,,,,0,False
10/10_23.png,10,,,,0,False
9/9_51.png,9,,,,0,False
16/16_9.png,16,,,,0,False
25/25_33.png,25,,,,0,False
6/6_43.png,6,,,,0,False
11/11_31.png,11,,,,0,False
26/26_32.png,26,,,,0,False
16/16_22.png,16,,,,0,False
14/14_1.png,14,,,,0,False
20/20_19.png,20,,,,0,False
19/19_34.png,19,,,,0,False
21/21_52.png,21,,,,0,False
27/27_54.png,27,,,,0,False
27/27_29.png,27,,,,0,False
24/24_52.png,24,,,,0,False
5/5_10.png,5,,,,0,False
5/5_24.png,5,,,,0,False
17/17_52.png,17,,,,0,False
18/18_22.png,18,,,,0,False
12/12_17.png,12,,,,0,False
5/5_58.png,5,,,,0,False
1/1_14.png,1,,,,0,False
25/25_38.png,25,,,,0,False
1/1_61.png,1,,,,0,False
19/19_16.png,19,,,,0,False
15/15_56.png,15,,,,0,False
7/7_57.png,7,,,,0,False
5/5_33.png,5,,,,0,False
14/14_3.png,14,,,,0,False
24/24_46.png,24,,,,0,False
25/25_34.png,25,,,,0,False
15/15_14.png,15,,,,0,False
20/20_26.png,20,,,,0,False
4/4_33.png,4,,,,0,False
4/4_10.png,4,,,,0,False
10/10_37.png,10,,,,0,False
17/17_45.png,17,,,,0,False
19/19_50.png,19,,,,0,False
25/25_49.png,25,,,,0,False
2/2_22.png,2,,,,0,False
11/11_55.png,11,,,,0,False
28/28_22.png,28,,,,0,False
7/7_50.png,7,,,,0,False
1/1_9.png,1,,,,0,False
15/15_62.png,15,,,,0,False
1/1_19.png,1,,,,0,False
20/20_59.png,20,,,,0,False
15/15_37.png,15,,,,0,False
14/14_51.png,14,,,,0,False
10/10_38.png,10,,,,0,False
4/4_36.png,4,,,,0,False
16/16_31.png,16,,,,0,False
3/3_57.png,3,,,,0,False
0/0_31.png,0,,,,0,False
24/24_54.png,24,,,,0,False
18/18_4.png,18,,,,0,False
19/19_31.png,19,,,,0,False
10/10_58.png,10,,,,0,False
28/28_42.png,28,,,,0,False
1/1_16.png,1,,,,0,False
24/24_21.png,24,,,,0,False
8/8_4.png,8,,,,0,False
25/25_14.png,25,,,,0,False
27/27_52.png,27,,,,0,False
19/19_7.png,19,,,,0,False
15/15_13.png,15,,,,0,False
3/3_30.png,3,,,,0,False
0/0_61.png,0,,,,0,False
24/24_20.png,24,,,,0,False
11/11_10.png,11,,,,0,False
19/19_14.png,19,,,,0,False
18/18_45.png,18,,,,0,False
20/20_45.png,20,,,,0,False
19/19_2.png,19,,,,0,False
5/5_52.png,5,,,,0,False
7/7_27.png,7,,,,0,False
22/22_11.png,22,,,,0,False
12/12_13.png,12,,,,0,False
23/23_11.png,23,,,,0,False
9/9_30.png,9,,,,0,False
16/16_12.png,16,,,,0,False
14/14_23.png,14,,,,0,False
22/22_28.png,22,,,,0,False
1/1_50.png,1,,,,0,False
3/3_19.png,3,,,,0,False
5/5_19.png,5,,,,0,False
9/9_47.png,9,,,,0,False
27/27_10.png,27,,,,0,False
10/10_15.png,10,,,,0,False
4/4_7.png,4,,,,0,False
18/18_50.png,18,,,,0,False
26/26_60.png,26,,,,0,False
21/21_29.png,21,,,,0,False
3/3_52.png,3,,,,0,False
19/19_9.png,19,,,,0,False
14/14_55.png,14,,,,0,False
4/4_5.png,4,,,,0,False
15/15_8.png,15,,,,0,False
13/13_50.png,13,,,,0,False
12/12_11.png,12,,,,0,False
12/12_31.png,12,,,,0,False
26/26_36.png,26,,,,0,False
13/13_19.png,13,,,,0,False
7/7_5.png,7,,,,0,False
25/25_54.png,25,,,,0,False
18/18_39.png,18,,,,0,False
16/16_38.png,16,,,,0,False
24/24_25.png,24,,,,0,False
5/5_56.png,5,,,,0,False
2/2_46.png,2,,,,0,False
2/2_11.png,2,,,,0,False
17/17_42.png,17,,,,0,False
11/11_34.png,11,,,,0,False
28/28_37.png,28,,,,0,False
9/9_29.png,9,,,,0,False
18/18_0.png,18,,,,0,False
11/11_60.png,11,,,,0,False
11/11_14.png,11,,,,0,False
24/24_56.png,24,,,,0,False
19/19_47.png,19,,,,0,False
0/0_78.png,0,,,,0,False
26/26_17.png,26,,,,0,False
7/7_6.png,7,,,,0,False
10/10_48.png,10,,,,0,False
1/1_2.png,1,,,,0,False
2/2_57.png,2,,,,0,False
0/0_49.png,0,,,,0,False
1/1_43.png,1,,,,0,False
13/13_7.png,13,,,,0,False
6/6_44.png,6,,,,0,False
28/28_4.png,28,,,,0,False
6/6_20.png,6,,,,0,False
22/22_54.png,22,,,,0,False
3/3_35.png,3,,,,0,False
20/20_50.png,20,,,,0,False
11/11_20.png,11,,,,0,False
22/22_29.png,22,,,,0,False
24/24_2.png,24,,,,0,False
21/21_20.png,21,,,,0,False
7/7_33.png,7,,,,0,False
9/9_3.png,9,,,,0,False
24/24_19.png,24,,,,0,False
10/10_36.png,10,,,,0,False
20/20_0.png,20,,,,0,False
13/13_27.png,13,,,,0,False
8/8_36.png,8,,,,0,False
12/12_2.png,12,,,,0,False
27/27_34.png,27,,,,0,False
6/6_51.png,6,,,,0,False
11/11_58.png,11,,,,0,False
5/5_29.png,5,,,,0,False
20/20_28.png,20,,,,0,False
24/24_32.png,24,,,,0,False
1/1_10.png,1,,,,0,False
27/27_35.png,27,,,,0,False
16/16_48.png,16,,,,0,False
4/4_25.png,4,,,,0,False
6/6_34.png,6,,,,0,False
22/22_37.png,22,,,,0,False
4/4_40.png,4,,,,0,False
13/13_23.png,13,,,,0,False
20/20_30.png,20,,,,0,False
18/18_43.png,18,,,,0,False
26/26_15.png,26,,,,0,False
22/22_25.png,22,,,,0,False
12/12_20.png,12,,,,0,False
4/4_51.png,4,,,,0,False
23/23_41.png,23,,,,0,False
26/26_55.png,26,,,,0,False
15/15_47.png,15,,,,0,False
28/28_23.png,28,,,,0,False
20/20_4.png,20,,,,0,False
25/25_7.png,25,,,,0,False
23/23_29.png,23,,,,0,False
28/28_0.png,28,,,,0,False
2/2_16.png,2,,,,0,False
3/3_25.png,3,,,,0,False
4/4_35.png,4,,,,0,False
21/21_33.png,21,,,,0,False
18/18_19.png,18,,,,0,False
14/14_50.png,14,,,,0,False
22/22_10.png,22,,,,0,False
25/25_11.png,25,,,,0,False
13/13_25.png,13,,,,0,False
23/23_5.png,23,,,,0,False
19/19_62.png,19,,,,0,False
9/9_56.png,9,,,,0,False
26/26_7.png,26,,,,0,False
7/7_19.png,7,,,,0,False
4/4_47.png,4,,,,0,False
27/27_0.png,27,,,,0,False
28/28_46.png,28,,,,0,False
13/13_13.png,13,,,,0,False
6/6_19.png,6,,,,0,False
5/5_44.png,5,,,,0,False
11/11_26.png,11,,,,0,False
11/11_50.png,11,,,,0,False
21/21_58.png,21,,,,0,False
21/21_59.png,21,,,,0,False
2/2_42.png,2,,,,0,False
13/13_38.png,13,,,,0,False
12/12_54.png,12,,,,0,False
3/3_17.png,3,,,,0,False
17/17_59.png,17,,,,0,False
6/6_49.png,6,,,,0,False
17/17_20.png,17,,,,0,False
2/2_54.png,2,,,,0,False
5/5_2.png,5,,,,0,False
4/4_34.png,4,,,,0,False
7/7_40.png,7,,,,0,False
19/19_15.png,19,,,,0,False
10/10_1.png,10,,,,0,False
8/8_46.png,8,,,,0,False
28/28_7.png,28,,,,0,False
9/9_21.png,9,,,,0,False
10/10_17.png,10,,,,0,False
4/4_26.png,4,,,,0,False
21/21_5.png,21,,,,0,False
25/25_24.png,25,,,,0,False
20/20_38.png,20,,,,0,False
19/19_61.png,19,,,,0,False
7/7_17.png,7,,,,0,False
0/0_42.png,0,,,,0,False
4/4_49.png,4,,,,0,False
9/9_48.png,9,,,,0,False
10/10_24.png,10,,,,0,False
12/12_40.png,12,,,,0,False
25/25_16.png,25,,,,0,False
14/14_35.png,14,,,,0,False
20/20_39.png,20,,,,0,False
26/26_12.png,26,,,,0,False
22/22_33.png,22,,,,0,False
2/2_51.png,2,,,,0,False
26/26_20.png,26,,,,0,False
14/14_27.png,14,,,,0,False
14/14_33.png,14,,,,0,False
17/17_61.png,17,,,,0,False
5/5_6.png,5,,,,0,False
23/23_61.png,23,,,,0,False
1/1_3.png,1,,,,0,False
22/22_26.png,22,,,,0,False
14/14_15.png,14,,,,0,False
28/28_19.png,28,,,,0,False
14/14_43.png,14,,,,0,False
9/9_26.png,9,,,,0,False
2/2_30.png,2,,,,0,False
4/4_45.png,4,,,,0,False
1/1_42.png,1,,,,0,False
16/16_33.png,16,,,,0,False
23/23_25.png,23,,,,0,False
5/5_43.png,5,,,,0,False
0/0_7.png,0,,,,0,False
5/5_7.png,5,,,,0,False
19/19_13.png,19,,,,0,False
14/14_6.png,14,,,,0,False
15/15_24.png,15,,,,0,False
2/2_15.png,2,,,,0,False
1/1_53.png,1,,,,0,False
10/10_31.png,10,,,,0,False
16/16_28.png,16,,,,0,False
26/26_0.png,26,,,,0,False
28/28_13.png,28,,,,0,False
1/1_1.png,1,,,,0,False
17/17_51.png,17,,,,0,False
13/13_16.png,13,,,,0,False
28/28_1.png,28,,,,0,False
6/6_46.png,6,,,,0,False
16/16_23.png,16,,,,0,False
23/23_3.png,23,,,,0,False
17/17_3.png,17,,,,0,False
11/11_48.png,11,,,,0,False
28/28_32.png,28,,,,0,False
12/12_22.png,12,,,,0,False
2/2_17.png,2,,,,0,False
27/27_40.png,27,,,,0,False
12/12_58.png,12,,,,0,False
11/11_38.png,11,,,,0,False
21/21_6.png,21,,,,0,False
28/28_49.png,28,,,,0,False
23/23_40.png,23,,,,0,False
16/16_8.png,16,,,,0,False
2/2_18.png,2,,,,0,False
16/16_57.png,16,,,,0,False
2/2_45.png,2,,,,0,False
10/10_27.png,10,,,,0,False
20/20_56.png,20,,,,0,False
14/14_18.png,14,,,,0,False
19/19_1.png,19,,,,0,False
19/19_38.png,19,,,,0,False
7/7_51.png,7,,,,0,False
13/13_57.png,13,,,,0,False
14/14_54.png,14,,,,0,False
17/17_43.png,17,,,,0,False
15/15_39.png,15,,,,0,False
16/16_13.png,16,,,,0,False
27/27_58.png,27,,,,0,False
4/4_3.png,4,,,,0,False
10/10_13.png,10,,,,0,False
12/12_39.png,12,,,,0,False
26/26_43.png,26,,,,0,False
25/25_52.png,25,,,,0,False
10/10_49.png,10,,,,0,False
7/7_0.png,7,,,,0,False
1/1_44.png,1,,,,0,False
9/9_34.png,9,,,,0,False
18/18_3.png,18,,,,0,False
21/21_55.png,21,,,,0,False
15/15_52.png,15,,,,0,False
26/26_34.png,26,,,,0,False
11/11_21.png,11,,,,0,False
12/12_50.png,12,,,,0,False
1/1_54.png,1,,,,0,False
27/27_51.png,27,,,,0,False
28/28_53.png,28,,,,0,False
7/7_23.png,7,,,,0,False
11/11_27.png,11,,,,0,False
1/1_26.png,1,,,,0,False
17/17_55.png,17,,,,0,False
2/2_58.png,2,,,,0,False
5/5_37.png,5,,,,0,False
6/6_18.png,6,,,,0,False
24/24_45.png,24,,,,0,False
18/18_29.png,18,,,,0,False
18/18_44.png,18,,,,0,False
6/6_1.png,6,,,,0,False
25/25_61.png,25,,,,0,False
13/13_44.png,13,,,,0,False
21/21_13.png,21,,,,0,False
13/13_24.png,13,,,,0,False
1/1_60.png,1,,,,0,False
4/4_20.png,4,,,,0,False
12/12_19.png,12,,,,0,False
22/22_60.png,22,,,,0,False
3/3_20.png,3,,,,0,False
24/24_43.png,24,,,,0,False
25/25_59.png,25,,,,0,False
9/9_25.png,9,,,,0,False
13/13_60.png,13,,,,0,False
25/25_50.png,25,,,,0,False
13/13_3.png,13,,,,0,False
26/26_3.png,26,,,,0,False
9/9_27.png,9,,,,0,False
14/14_63.png,14,,,,0,False
14/14_36.png,14,,,,0,False
24/24_26.png,24,,,,0,False
28/28_29.png,28,,,,0,False
18/18_11.png,18,,,,0,False
15/15_61.png,15,,,,0,False
0/0_63.png,0,,,,0,False
21/21_57.png,21,,,,0,False
25/25_43.png,25,,,,0,False
28/28_60.png,28,,,,0,False
21/21_50.png,21,,,,0,False
20/20_54.png,20,,,,0,False
2/2_28.png,2,,,,0,False
13/13_21.png,13,,,,0,False
20/20_17.png,20,,,,0,False
3/3_58.png,3,,,,0,False
25/25_62.png,25,,,,0,False
7/7_7.png,7,,,,0,False
16/16_55.png,16,,,,0,False
27/27_7.png,27,,,,0,False
9/9_1.png,9,,,,0,False
13/13_35.png,13,,,,0,False
23/23_33.png,23,,,,0,False
0/0_54.png,0,,,,0,False
16/16_51.png,16,,,,0,False
11/11_39.png,11,,,,0,False
5/5_11.png,5,,,,0,False
9/9_13.png,9,,,,0,False
22/22_18.png,22,,,,0,False
19/19_48.png,19,,,,0,False
24/24_48.png,24,,,,0,False
0/0_10.png,0,,,,0,False
20/20_52.png,20,,,,0,False
23/23_55.png,23,,,,0,False
19/19_57.png,19,,,,0,False
26/26_46.png,26,,,,0,False
2/2_21.png,2,,,,0,False
17/17_60.png,17,,,,0,False
24/24_27.png,24,,,,0,False
24/24_47.png,24,,,,0,False
16/16_43.png,16,,,,0,False
9/9_24.png,9,,,,0,False
1/1_6.png,1,,,,0,False
4/4_59.png,4,,,,0,False
11/11_19.png,11,,,,0,False
28/28_58.png,28,,,,0,False
11/11_61.png,11,,,,0,False
4/4_27.png,4,,,,0,False
16/16_1.png,16,,,,0,False
27/27_41.png,27,,,,0,False
23/23_45.png,23,,,,0,False
21/21_22.png,21,,,,0,False
5/5_32.png,5,,,,0,False
8/8_43.png,8,,,,0,False
9/9_50.png,9,,,,0,False
0/0_30.png,0,,,,0,False
2/2_3.png,2,,,,0,False
0/0_22.png,0,,,,0,False
23/23_31.png,23,,,,0,False
17/17_50.png,17,,,,0,False
28/28_54.png,28,,,,0,False
5/5_36.png,5,,,,0,False
18/18_41.png,18,,,,0,False
11/11_41.png,11,,,,0,False
1/1_47.png,1,,,,0,False
28/28_8.png,28,,,,0,False
5/5_50.png,5,,,,0,False
12/12_7.png,12,,,,0,False
25/25_15.png,25,,,,0,False
3/3_54.png,3,,,,0,False
12/12_23.png,12,,,,0,False
0/0_4.png,0,,,,0,False
8/8_14.png,8,,,,0,False
14/14_32.png,14,,,,0,False
2/2_55.png,2,,,,0,False
14/14_34.png,14,,,,0,False
8/8_40.png,8,,,,0,False
14/14_47.png,14,,,,0,False
19/19_46.png,19,,,,0,False
15/15_22.png,15,,,,0,False
1/1_12.png,1,,,,0,False
16/16_17.png,16,,,,0,False
0/0_76.png,0,,,,0,False
13/13_14.png,13,,,,0,False
17/17_23.png,17,,,,0,False
8/8_34.png,8,,,,0,False
3/3_26.png,3,,,,0,False
16/16_37.png,16,,,,0,False
5/5_60.png,5,,,,0,False
19/19_53.png,19,,,,0,False
17/17_41.png,17,,,,0,False
10/10_40.png,10,,,,0,False
6/6_50.png,6,,,,0,False
2/2_62.png,2,,,,0,False
28/28_15.png,28,,,,0,False
4/4_38.png,4,,,,0,False
20/20_36.png,20,,,,0,False
3/3_16.png,3,,,,0,False
21/21_24.png,21,,,,0,False
14/14_4.png,14,,,,0,False
18/18_63.png,18,,,,0,False
24/24_11.png,24,,,,0,False
1/1_51.png,1,,,,0,False
9/9_43.png,9,,,,0,False
5/5_40.png,5,,,,0,False
23/23_52.png,23,,,,0,False
7/7_11.png,7,,,,0,False
6/6_37.png,6,,,,0,False
16/16_58.png,16,,,,0,False
20/20_24.png,20,,,,0,False
19/19_51.png,19,,,,0,False
14/14_31.png,14,,,,0,False
10/10_50.png,10,,,,0,False
17/17_9.png,17,,,,0,False
17/17_11.png,17,,,,0,False
22/22_53.png,22,,,,0,False
26/26_11.png,26,,,,0,False
14/14_48.png,14,,,,0,False
7/7_25.png,7,,,,0,False
18/18_60.png,18,,,,0,False
11/11_12.png,11,,,,0,False
9/9_36.png,9,,,,0,False
20/20_34.png,20,,,,0,False
8/8_59.png,8,,,,0,False
17/17_28.png,17,,,,0,False
10/10_41.png,10,,,,0,False
23/23_17.png,23,,,,0,False
17/17_48.png,17,,,,0,False
9/9_20.png,9,,,,0,False
28/28_20.png,28,,,,0,False
26/26_2.png,26,,,,0,False
14/14_38.png,14,,,,0,False
15/15_23.png,15,,,,0,False
1/1_38.png,1,,,,0,False
16/16_45.png,16,,,,0,False
28/28_48.png,28,,,,0,False
6/6_21.png,6,,,,0,False
24/24_41.png,24,,,,0,False
26/26_29.png,26,,,,0,False
6/6_7.png,6,,,,0,False
6/6_32.png,6,,,,0,False
5/5_61.png,5,,,,0,False
14/14_24.png,14,,,,0,False
23/23_2.png,23,,,,0,False
4/4_61.png,4,,,,0,False
24/24_5.png,24,,,,0,False
13/13_4.png,13,,,,0,False
25/25_48.png,25,,,,0,False
1/1_32.png,1,,,,0,False
20/20_5.png,20,,,,0,False
20/20_9.png,20,,,,0,False
19/19_45.png,19,,,,0,False
3/3_36.png,3,,,,0,False
11/11_0.png,11,,,,0,False
2/2_64.png,2,,,,0,False
5/5_20.png,5,,,,0,False
5/5_45.png,5,,,,0,False
8/8_35.png,8,,,,0,False
7/7_32.png,7,,,,0,False
18/18_28.png,18,,,,0,False
13/13_2.png,13,,,,0,False
8/8_12.png,8,,,,0,False
6/6_48.png,6,,,,0,False
11/11_56.png,11,,,,0,False
14/14_62.png,14,,,,0,False
0/0_45.png,0,,,,0,False
13/13_1.png,13,,,,0,False
19/19_35.png,19,,,,0,False
16/16_20.png,16,,,,0,False
26/26_24.png,26,,,,0,False
25/25_10.png,25,,,,0,False
